Fecha;pm25;so2;ws;wd
170101;19,619;5,48423;2,915018292;215,0075583
170102;14,825;4,75079;2,81531175;196,1771792
170103;21,6757;12,4994;3,671521625;197,487325
170104;22,9389;6,23315;2,684813667;222,1770458
170105;14,0449;3,96242;2,248222458;167,4531113
170106;9,81761;4,01659;2,554521458;176,7654958
170107;13,0738;4,06259;2,1043255;202,8991542
170108;10,534;4,95622;1,977481458;177,3660875
170109;9,5956;5,73539;2,361937667;181,4500583
170110;9,06479;4,5586;2,432301417;203,346775
170111;13,0392;4,1342;2,249132125;188,9585633
170112;12,1162;3,81654;2,433006542;163,2814042
170113;12,8023;4,07427;1,668357196;138,3880333
170114;15,7704;4,17561;2,99887725;187,6513708
170115;12,7587;4,10551;2,566157917;173,5782317
170116;10,7963;4,11366;2,395779917;165,18205
170117;16,1902;6,13393;2,141766042;154,9639958
170118;15,5264;3,67236;1,954260042;175,8003042
170119;12,9012;3,49;2,039386667;147,3805125
170120;15,4751;3,47492;1,276005417;158,6264833
170121;25,6758;5,69094;1,438879083;171,9031917
170122;20,2624;4,91103;1,741722208;206,4801917
170123;24,7037;15,8192;2,022907458;204,0498167
170124;23,9579;5,40575;2,183708458;186,8679088
170125;24,2742;3,80204;1,673772833;144,4482917
170126;22,8324;3,6401;1,568764875;118,6981625
170127;23,2271;5,03961;2,256369792;184,5136792
170128;28,3372;3,67825;1,769889458;189,4165417
170129;28,6151;5,07838;1,631098542;265,1032917
170130;27,1014;6,06539;1,885917042;210,3793958
170131;25,3866;3,72034;2,288484958;159,377275
170201;25,7032;3,92804;1,776618792;220,1677533
170202;23,8384;7,31339;2,499137825;180,1396625
170203;6,50846;5,31477;2,095466917;211,315275
170204;8,79712;5,52352;2,374091458;202,44445
170205;17,9264;4,69659;2,704588083;149,6071713
170206;13,552;4,05061;2,191286667;150,1743083
170207;13,1571;4,85835;2,4527355;176,5402542
170208;13,5933;18,2039;2,799163167;215,1968333
170209;13,6246;7,5392;2,366286708;189,2223083
170210;16,3285;4,45025;1,927117708;189,1760125
170211;16,4419;5,25896;1,889975875;212,8964167
170212;21,4104;29,349;1,330234192;205,9469458
170213;15,4658;2,96621;1,514456667;194,1183417
170214;14,9719;3,45286;1,756936625;204,97955
170215;12,7987;4,56844;1,962155542;178,6234417
170216;11,1738;4,72953;2,307245375;165,5569313
170217;15,2259;4,84769;2,150725458;181,3145125
170218;19,6569;11,5037;2,341878125;193,6089489
170219;19,3874;4,58814;2,289266375;186,9068333
170220;12,2294;3,26876;1,707550542;143,1774917
170221;11,1963;3,28862;0,931273904;160,813
170222;16,4856;3,13071;1,930282833;151,1295554
170223;5,4366;2,88641;1,838169292;204,8417208
170224;6,57083;3,87981;1,105335867;200,8264875
170225;6,38905;5,01649;1,45780075;203,1491208
170226;11,4355;4,54987;1,400519129;215,5091458
170227;11,4426;5,27029;1,663541458;175,4165625
170228;8,64091;6,35831;1,888897967;191,6319875
170301;8,54288;3,5849;2,123755625;165,1445083
170302;12,0066;5,47418;2,23765;188,3318542
170303;11,6687;3,71213;2,444975167;187,7303917
170304;12,7658;7,9253;2,329527958;193,4650333
170305;12,3728;4,3828;2,186291167;184,4612167
170306;10,628;5,65192;2,288730925;158,8392
170307;9,88217;5,25003;1,586812246;176,3440542
170308;11,8908;6,05046;2,074322042;173,9338917
170309;8,63916;11,0662;3,751132013;175,4078417
170310;15,3951;6,64618;2,682669375;170,3068504
170311;16,6283;8,34637;3,046854833;181,6876917
170312;16,7367;7,58733;2,34067625;129,8036512
170313;13,2729;3,48704;1,851439167;161,5758
170314;7,52484;3,44007;1,734903042;142,5266833
170315;10,0314;4,23771;1,643525833;176,0778488
170316;11,8705;4,80268;1,203611125;182,6166183
170317;12,0851;8,11183;1,552513554;217,3651625
170318;15,6552;5,79496;1,969746708;147,9606583
170319;14,9428;5,50637;1,977387725;172,6018425
170320;16,7664;4,12691;1,55694575;151,9716917
170321;9,23897;3,95191;1,742267167;150,3464667
170322;12,4296;6,39615;1,4869925;246,571625
170323;10,2661;3,30766;0,944385504;188,4594292
170324;10,5136;1,84196;1,468813708;170,274825
170325;8,50174;2,57301;1,669079125;172,2661
170326;10,7021;4,74089;2,3282495;158,8174625
170327;6,88538;3,69532;2,553109875;140,167525
170328;8,41573;3,50618;2,149015542;161,1471458
170329;8,70822;3,58783;2,049068208;173,3609
170330;9,63492;5,11946;2,10835775;166,6479
170331;8,89972;4,92113;2,24359175;163,9039375
170401;11,7549;3,43574;1,652268333;160,8937083
170402;10,5401;6,66748;2,717852529;190,0861
170403;8,53792;3,33219;1,895154542;151,7033833
170404;10,33;3,68148;1,736623208;158,2592917
170405;13,8884;6,13728;1,88614375;167,3548542
170406;12,2419;6,87837;1,556116838;161,4849542
170407;8,9736;4,03317;2,002554833;176,586845
170408;8,15887;5,71836;2,221944792;188,487725
170409;11,2411;5,81364;1,793179208;161,2706033
170410;10,2039;4,95783;1,803295708;147,1398
170411;10,6542;2,34958;0,67677125;142,6927875
170412;10,5755;2,29218;1,275904583;134,0328208
170413;12,9052;3,5684;1,251866671;156,6858542
170414;16,1609;5,27103;1,789152917;170,2077375
170415;23,62;4,8661;0,903947;178,2319671
170416;20,2914;4,17175;0,989629213;176,0938833
170417;15,8494;9,55003;1,246266833;227,15695
170418;14,5815;4,31857;1,349141963;170,8177463
170419;10,2437;4,54938;1,178665538;161,6352654
170420;5,90702;7,65601;1,321123429;185,8459917
170421;15,2186;11,1656;1,673231396;194,8247542
170422;16,3149;5,32065;1,875170754;163,8714708
170423;15,3671;8,25735;1,94250875;168,7681875
170424;18,8117;10,2691;1,808392204;189,3493375
170425;13,5496;8,76897;2,766895542;199,464675
170426;11,9341;8,35109;1,769760179;172,7425458
170427;18,4524;4,54366;1,68128825;108,0104688
170428;16,2543;4,43365;1,592993333;121,505825
170429;16,4812;6,77255;1,721879958;127,1439167
170430;17,4254;3,24823;1,051972583;110,4836542
170501;15;2,08;0,88829;116,2986542
170502;18;5,63;1,53870375;166,1576583
170503;17;6,2;1,506342375;152,7095417
170504;12;3,81;0,554821083;137,5258875
170505;21;8,35;0,5528705;102,1436625
170506;11;1,77;2,7901315;116,1149208
170507;5;1,85;1,032265542;122,1659267
170508;7;2,82;1,554557292;154,4641125
170509;13;4,5;0,432305375;140,2448333
170510;8;1,8;1,315526579;104,5362458
170511;4;1,59;3,361163333;64,12258333
170512;6;2,74;0,968981792;145,2827375
170513;7;3,04;0,865131625;134,4879083
170514;9;6,86;1,130992042;161,8807833
170515;11;5,98;1,2349708;182,19415
170516;11;3,01;0,696869667;183,0511542
170517;7;2,05;1,551417875;135,43295
170518;7;2,78;1,797846708;164,3609125
170519;14;10,67;1,942368125;169,6513667
170520;17;14,67;1,437996917;131,5630917
170521;20;14,49;1,376558074;144,5222208
170522;18;6,69;0,734467542;105,2508103
170523;21;6,2;0,664083667;166,7621042
170524;24;10,34;0,540528033;165,4230417
170525;;5,16;1,48831225;114,1889054
170526;22;4,58;1,322652625;145,698875
170527;23;6,55;1,601045042;134,2206879
170528;19;6,42;1,436149321;129,270425
170529;17;4,87;1,193124458;160,5619946
170530;33;5,58;1,575031925;136,3743067
170531;33;8,87;1,175679142;137,7105025
170601;24;6,9;1,118785333;138,6803463
170602;29;10,15;1,332046958;136,3859208
170603;20;8,57;1,654568417;176,9475
170604;16;7,7;1,580767542;155,5919125
170605;16;7,21;1,605882958;140,924325
170606;32;6,49;1,495933083;120,8181125
170607;36;4,14;1,565382958;75,50236667
170608;11;6,64;1,702441042;172,5392167
170609;19;12,07;1,208925292;163,0121175
170610;;9,47;1,34878875;145,900325
170611;;3,95;1,045300208;100,8640996
170612;;5,95;0,680451046;126,0432208
170613;16;2,3;1,416962;104,3211038
170614;14;2,66;1,849934083;70,01980417
170615;6;1,92;2,779736583;65,20157083
170616;6;2,05;4,132717292;126,8236333
170617;10;15,6;2,5355485;177,899
170618;14;23,57;2,007108758;201,5091333
170619;13;12,58;1,013545763;133,3908054
170620;17;7,98;1,424033583;110,020975
170621;10;2,05;2,454884;114,1442708
170622;7;1,89;1,928966125;123,3060458
170623;14;6,67;0,671498167;168,5655029
170624;8;2,52;2,873140246;131,5743583
170625;7;2,08;3,69908875;125,0594042
170626;4;2,19;2,0479785;64,61769625
170627;8;4,22;1,644202971;142,1010875
170628;11;5,41;1,397691792;156,8143375
170629;20;12,65;1,079611292;166,7872288
170630;20;16,26;1,03063275;160,7930625
170701;14;4,12;0,908421208;101,0940292
170702;13;2,22;0,605612042;128,7935563
170703;7;2;1,228529042;63,9780875
170704;9;3,45;1,584793292;144,428775
170705;24;6,24;0,597964254;113,3724733
170706;18;10,36;0,908750692;134,780695
170707;23;11,27;1,530676083;150,1662917
170708;18;5,51;1,05713225;145,6508792
170709;23;8,42;1,219738333;143,0136583
170710;21;8,15;1,047243625;154,6432996
170711;27;5,87;0,940293996;110,9234917
170712;15;2,39;1,334392958;93,91590417
170713;12;5,47;1,493960125;136,7574958
170714;11;9,43;1,79985425;161,1483125
170715;13;4,67;2,142014042;164,23295
170716;19;28,51;2,159695042;181,6408333
170717;24;10,37;1,536081083;153,6519542
170718;30;9,4;1,240311958;128,3059667
170719;33;7,66;1,121111625;122,0591917
170720;28;8,47;1,48437775;138,3347333
170721;16;2,33;1,741593417;78,01234583
170722;14;2,15;1,476934083;57,54900417
170723;13;3,75;1,0706645;144,3388833
170724;18;13,66;1,2680457;187,8580458
170725;36;5,06;0,396632904;125,4239375
170726;33;7,86;1,025737208;124,5776458
170727;25;16,67;0,900437958;135,6796583
170728;27;10,7;1,48136475;158,5489042
170729;31;10,95;1,280758;146,4475
170730;27;10,65;1,279841167;146,1566792
170731;28;4,76;0,683686583;148,0068
170801;13;2,97;1,185406417;100,1798417
170802;30;18,69;1,495838;181,2857333
170803;25;3,9;1,789363083;121,3871645
170804;18;8,1;0,657798875;152,8218613
170805;13;3,26;0,802430513;205,786345
170806;24;9,28;1,189213542;157,131855
170807;13;5,33;0,993952292;150,153025
170808;24;11,12;0,925363042;166,5976792
170809;9;2,65;2,368479542;113,1975792
170810;4;2,22;1,653245333;116,8357125
170811;10;3,65;0,613521863;120,0148
170812;16;3,69;1,664131963;154,0209875
170813;25;5,38;0,646991417;136,33185
170814;28;10,69;1,502756583;182,2334417
170815;18;9,58;1,37369245;132,4367163
170816;21;6,87;1,327548917;171,4153258
170817;14;8,42;1,182597625;162,0430292
170818;11;5,26;0,962829717;216,9190167
170819;10;7,43;1,983223333;199,2445833
170820;16;10,25;1,269228917;173,3755667
170821;17;5,64;1,525312917;140,303925
170822;11;2,34;1,707695958;125,3704458
170823;6;3,14;1,375627042;178,0345583
170824;7;2,92;1,245316792;160,4519933
170825;10;2,07;1,466201917;140,2397125
170826;13;6,6;1,317288708;172,2505458
170827;7;2,13;1,529099042;203,444675
170828;7;2,32;1,420771667;135,5142833
170829;8;6,23;2,421810667;180,8624083
170830;15;;1,667624125;136,1419458
170831;10;;1,492636083;178,1207542
170901;;;0,817083625;202,6341225
170902;9;2,81;1,884552333;173,75955
170903;14;5,83;2,076118167;174,0660792
170904;12;5,25;1,779979933;148,347875
170905;16;3,81;1,372940667;167,1185708
170906;12;4,72;1,31179575;125,3249363
170907;11;4,39;1,547060375;156,1223917
170908;7;4,38;1,616858083;200,820125
170909;14;4,45;1,078768042;158,5815483
170910;12;4,68;1,38099575;141,4191225
170911;15;10,46;1,745184979;183,8031458
170912;10;2,47;1,481186417;180,5079042
170913;12;4,14;0,996254125;134,9371417
170914;10;10,85;2,185092625;105,9351375
170915;19;7,25;1,832601125;183,4250792
170916;26;6,67;1,079969292;121,3447833
170917;19;6,04;0,925064333;150,1218042
170918;14;3,85;1,177036125;273,6404583
170919;11;2,39;1,707526167;197,5688083
170920;11;5,73;2,551879917;160,5496792
170921;14;16,07;2,308168333;193,6961875
170922;15;7,74;1,856823413;158,0848213
170923;16;10,6;1,665440542;190,944825
170924;11;9,85;1,991453333;197,657275
170925;14;9,65;1,933169917;160,1521425
170926;14;6,7;1,967039792;222,9968033
170927;15;2,54;1,706525125;235,9488625
170928;17;2,62;1,142093833;231,9200775
170929;17;12,12;1,544575167;171,4617208
170930;10;6;1,1083825;186,6119583
171001;10;12,53;2,619651917;155,9104042
171002;11;6,98;1,983543792;220,3179917
171003;10;5,92;1,638547375;187,924575
171004;7;3,49;2,323752917;244,898825
171005;9;3,81;1,869466038;179,870475
171006;11;9,71;2,26811625;222,5033333
171007;8;2,81;1,914547542;243,5250625
171008;11;12,12;2,201935708;172,6927792
171009;13;11,73;2,416022208;164,5810958
171010;11;10,54;2,830346667;205,6804
171011;7;5,98;2,099216375;172,9234417
171012;9;6,68;2,301209167;182,7379004
171013;14;7,99;2,14982625;197,4498375
171014;15;2,37;1,621131708;241,3092833
171015;14;2,16;1,801108583;188,4844413
171016;7;2,21;1,594351454;223,9348083
171017;7;4,27;2,206047333;179,9814083
171018;10;5,03;2,062423625;188,6224125
171019;13;9,48;2,300397125;201,8172025
171020;13;8,04;1,83828075;173,7174833
171021;15;4,99;2,079041667;220,6110875
171022;12;4,92;1,990920417;211,0955042
171023;15;5,43;1,853073792;192,5225215
171024;7;3,79;2,27825125;205,8975875
171025;10;5,94;2,103675208;236,0049833
171026;9;5,07;2,194878167;183,227425
171027;14;4,29;2,069286542;217,0762417
171028;7;3,84;2,148824542;185,9346083
171029;12;14,09;2,711315792;171,2420458
171030;9;7,35;2,517248125;156,6068792
171031;8;3,47;2,237386417;161,3475996
171101;12;6,66;1,581530333;174,72445
171102;8;4,3;1,616295917;193,3767708
171103;8;9,38;2,055323917;164,2332042
171104;7;4,32;1,396496792;178,2587667
171105;7;4,21;2,128615958;192,1911083
171106;5;4,02;1,723767833;226,3013458
171107;9;5,05;2,364645833;207,3642125
171108;10;11,72;2,416922083;182,596645
171109;13;10;2,523538792;200,6957404
171110;15;5,21;2,4073575;168,9783875
171111;19;2,8;1,892849;200,3600625
171112;16;2,58;1,91966625;169,0721458
171113;7;3,02;2,294272133;208,7136875
171114;8;11,24;1,434033208;222,6011958
171115;9;5,55;4,011297542;225,0825833
171116;12;10,03;3,045440971;170,4828888
171117;12;3,92;2,499458958;188,2438083
171118;14;3,91;2,649032333;186,7656
171119;12;3,1;2,067251042;206,3717792
171120;11;5,3;2,32342425;175,4563333
171121;15;5,44;2,454832375;159,1312917
171122;15;4,58;2,625976208;179,6873708
171123;11;2,13;1,625232458;181,5166458
171124;10;2,2;2,467323542;217,8228125
171125;13;4,01;2,509975333;167,0133583
171126;10;2,56;1,69219175;192,6220375
171127;8;5,47;1,59939475;248,41625
171128;7;2,25;1,621849375;272,84575
171129;9;2,97;2,432941208;195,14135
171130;11;2,27;2,490816667;175,9822417
171201;9;2,47;1,6855895;264,4837083
171202;11;2,91;2,00561625;229,88075
171203;9;3,71;2,875109958;211,1390708
171204;10;4,24;2,152451708;198,3951875
171205;12;5,32;2,197872917;246,634625
171206;11;5,5;2,549931125;229,2484167
171207;13;4,16;1,586459792;265,9423917
171208;13;4,24;2,703810542;201,6195167
171209;16;5,21;2,266772708;192,0731542
171210;15;2,38;2,04878;161,5684167
171211;7;2;1,878024333;178,62625
171212;7;2,03;1,574270917;141,7716125
171213;6;3,51;2,789823;183,7596625
171214;10;4,27;2,607162708;194,507525
171215;11;2,58;1,7579826;189,5684333
171216;8;3,28;2,387720417;205,7888125
171217;12;3,92;2,421771042;179,7679833
171218;12;3,91;2,244429375;201,2631167
171219;12;3,24;2,4928775;227,0520708
171220;11;3,03;2,2968875;204,7623546
171221;12;3,52;2,015630708;194,0214729
171222;14;4,1;2,7152125;191,7040125
171223;14;3,69;2,642477458;193,1677667
171224;15;5,48;2,664633708;194,259885
171225;9;3,31;2,604152667;193,414125
171226;8;8,09;2,287162875;237,5961542
171227;10;7,53;2,52397;201,2201292
171228;7;4,1;1,813658417;221,3712292
171229;9;4,55;2,297433667;168,2316333
171230;10;6,26;2,2004025;219,7690125
171231;11;3,51;2,024864375;200,0721167
180101;17;3,83;2,050165833;223,35255
180102;12;4,01;2,412799167;176,5773821
180103;9;3,18;2,037937917;174,0493042
180104;7;6,47;2,435549;205,7766708
180105;14;7,19;2,791681833;213,7504538
180106;20;3,55;1,88903775;128,5356852
180107;14;2,63;2,217204125;130,1580363
180108;11;2,71;1,922049792;180,3808083
180109;10;4,38;2,463503125;169,6394125
180110;9;3,42;2,071460875;250,487825
180111;7;3,96;2,5297975;240,6657917
180112;8;2,84;1,693571;258,7201292
180113;11;2,63;1,642041667;253,4642208
180114;10;2,58;1,352652125;201,1997583
180115;10;2,63;1,960527417;206,6216833
180116;10;4,19;2,685621125;206,2619125
180117;18;5,5;2,424267875;193,5638
180118;16;2,7;2,061338708;229,5600292
180119;13;3,45;1,526916625;186,9973958
180120;10;3,73;1,544008667;249,0954167
180121;9;5,2;1,75972675;233,3644417
180122;12;5,75;2,631441792;176,4374958
180123;11;4,94;2,647100542;222,0742583
180124;15;4,57;2,23283;172,6239792
180125;14;5,46;2,356229667;239,1281042
180126;10;6,41;3,447497458;214,2401208
180127;16;9,62;2,595301542;177,3639667
180128;18;4,12;2,284796458;190,1624917
180129;12;3,34;2,54498725;164,7028375
180130;12;5,48;2,91342725;205,4018792
180131;13;5,86;2,282512542;180,7216083
180201;20;3,85;1,987807958;164,3655125
180202;15;3,5;1,830842125;180,20035
180203;12;3,84;2,174097042;258,8765417
180204;14;4,35;2,227730042;177,1859208
180205;11;4,18;2,113071;271,1635833
180206;9;4,9;2,206324;237,7286917
180207;12;4,49;2,043364042;221,7351538
180208;14;4,97;2,081376663;272,2508333
180209;21;5,05;2,296176458;202,9772667
180210;33;9,62;2,542788125;158,6646154
180211;25;7,03;2,20580875;170,4139375
180212;22;3,92;1,907247458;159,3074775
180213;25;3,85;1,964820542;149,897025
180214;23;7,13;2,249669917;178,880275
180215;16;4,98;2,067308458;234,8860208
180216;18;5,66;1,798304083;207,0738708
180217;17;8,11;1,859747958;205,8975395
180218;14;6,46;1,810728458;196,0526292
180219;12;3,99;2,028571792;213,6643642
180220;17;7,31;2,232861833;170,4867083
180221;12;6,4;2,023350292;188,8508271
180222;12;3,22;2,238242;179,1007833
180223;14;6,31;2,067296246;188,794475
180224;12;5,41;2,62478775;224,1149856
180225;21;8,25;1,723820208;168,8895958
180226;12;3,25;1,531807333;168,8199458
180227;10;4,79;1,853691208;214,6621625
180228;9;3,51;2,185151375;242,8290417
180301;13;6,04;1,869203958;196,2829542
180302;11;5,57;1,960518833;222,0436417
180303;9;3,27;2,347847875;220,1789417
180304;14;7,22;2,054454417;197,9380542
180305;10;2,1;1,7201285;161,2430083
180306;13;1,46;1,893154583;192,7355333
180307;9;2,06;1,1083915;149,83125
180308;11;3,22;1,354475292;197,2822583
180309;11;2,27;2,077044254;176,411575
180310;9;3,39;2,649856375;206,9436958
180311;;3,43;2,338835208;196,9454958
180312;13;3,5;2,69014525;153,7215833
180313;14;2,47;2,174983458;153,560775
180314;13;3,88;2,435459417;174,6994042
180315;14;3;2,296914833;161,2043167
180316;8;2,56;2,194270333;157,2669663
180317;8;2,4;2,478119542;194,792425
180318;8;2,19;2,660182708;219,3206833
180319;10;3,27;2,620704;138,5436083
180320;11;3,79;1,970123208;166,0826958
180321;13;4,31;1,898066625;159,2781292
180322;12;5,53;1,929418292;178,2465263
180323;9;4,04;2,075206792;179,1029083
180324;16;4,35;1,955139917;179,3579208
180325;19;3,53;2,01538225;154,0333188
180326;13;2,6;2,063477792;170,9021583
180327;11;3,04;1,918092542;175,3702708
180328;15;1,83;1,372155333;155,6401667
180329;17;3,25;1,499378833;159,5272958
180330;19;2,55;1,847339708;199,0866583
180331;11;2,28;2,211302917;204,7345208
180401;12;3,69;1,477731292;192,5722333
180402;6;1,73;0,896925296;211,4321917
180403;14;4,45;2,172216208;199,5748225
180404;12;4,28;1,941683542;158,509025
180405;14;7,3;1,648157417;147,185975
180406;10;1,7;1,252532208;135,8284083
180407;13;3,06;2,009725167;217,4550417
180408;15;4,17;1,651492617;181,7899958
180409;10;2,5;1,619989083;154,5255917
180410;12;2,51;1,842605833;150,632185
180411;6;3,76;2,016668792;178,4806625
180412;12;7,74;2,327227708;174,9632417
180413;14;5,69;2,282825183;145,9930083
180414;18;6,99;1,941802542;151,4821258
180415;22;3,96;1,215011708;144,0096458
180416;22;5,85;1,7918255;205,8910458
180417;13;3,51;1,751265917;149,9320367
180418;12;2,45;1,906217542;161,4539583
180419;15;7,09;2,100032375;158,1987333
180420;21;9,16;1,570385375;142,1838833
180421;16;3,99;1,792240979;173,8535542
180422;17;11,08;1,608841708;194,0735042
180423;12;6,34;1,089497092;154,5104046
180424;14;2,92;1,943185458;130,159685
180425;18;9,51;1,726809417;141,2093321
180426;16;10,68;1,679013292;150,6302542
180427;15;8,39;1,966805458;158,375775
180428;19;4,27;1,294363792;134,967257
180429;14;2,04;1,286801833;152,6125667
180430;22;4,08;1,267819404;152,1215792
180501;24;6,62;1,643606192;159,1261917
180502;17;17,5;1,811671125;163,8935617
180503;16;5,74;1,827157083;151,5037804
180504;11;7,99;1,383103333;166,0577458
180505;19;1,69;1,125316625;111,8544
180506;13;1,68;1,087277833;141,1748513
180507;12;8,97;1,327028;176,6002025
180508;8;7,77;1,175032;188,6801458
180509;16;7,52;1,424658833;145,7827375
180510;16;14,39;1,951769875;167,8442875
180511;18;16,93;1,498356663;141,0427375
180512;21;9,1;1,153784042;181,8326333
180513;22;8,7;1,118459833;162,6200792
180514;20;11,51;1,458499417;142,0968221
180515;18;11,8;0,93905625;134,2518775
180516;17;7,25;1,803687208;171,1175292
180517;17;9,82;1,706584792;150,53935
180518;17;11,8;1,672255542;166,1182696
180519;28;9,51;1,52251675;163,5417333
180520;26;6,96;1,955669042;175,415225
180521;12;5,7;1,509859083;138,1650583
180522;18;12,57;1,420718958;132,4217888
180523;19;8,66;1,409668417;153,054925
180524;33;12,26;1,632779917;133,3138833
180525;34;9,84;1,526561417;155,612525
180526;20;8,04;1,215614504;161,0251083
180527;22;7,88;1,783029083;150,0408375
180528;18;9,14;1,121009292;140,7599888
180529;8;3,68;1,669499083;139,0813708
180530;9;5,63;2,490611792;214,1501667
180531;7;11,92;3,350914583;195,184875
180601;16;6,1;1,898062583;140,4787708
180602;23;6,31;2,424583583;138,4483708
180603;19;8,38;2,267495542;147,4479042
180604;20;10,63;1,398120417;123,7528042
180605;26;13,84;1,525356875;130,0131875
180606;26;19,2;1,868596917;191,8451917
180607;25;21,68;1,213392917;185,1378633
180608;22;20,15;1,355110792;156,3601917
180609;7;2,68;3,131065875;136,726825
180610;4;2,29;3,21490125;120,4018667
180611;26;2,37;2,109530833;64,88415625
180612;11;10,72;2,150440042;149,6409125
180613;19;8,42;1,76498075;150,2869625
180614;21;9,27;1,786737167;145,4492833
180615;24;14;1,0776005;94,29705417
180616;22;11,17;1,473163833;104,9069929
180617;15;8,97;0,606271042;122,6722833
180618;17;28,82;0,791451708;124,8192458
180619;16;6,59;1,139178708;113,0658958
180620;24;8,28;1,271039125;146,1872417
180621;19;8,11;1,744450292;133,1858667
180622;19;11,72;1,544135;149,855525
180623;21;6,25;1,048060625;107,9942042
180624;13;3,84;1,560162792;145,8397083
180625;20;5,62;1,446143458;153,193725
180626;21;8,22;1,495470292;121,1961217
180627;26;14,56;1,469977625;128,4060383
180628;11;2,93;1,50896925;129,0304263
180629;20;15,5;1,027115125;130,4563233
180630;13;2,98;1,482389583;76,39794167
180701;17;2,69;1,716846958;89,30005417
180702;8;4,36;1,826115458;151,3795583
180703;8;3,29;1,973289458;140,9950083
180704;3;2,1;3,409697083;59,84655833
180705;5;2,25;2,674705125;132,7986042
180706;7;2,47;2,484219542;146,286175
180707;13;15,5;1,483040833;167,5782917
180708;14;5,9;1,325371917;153,2212417
180709;15;6,3;1,011318542;93,93491667
180710;10;3,4;1,190981625;53,92077083
180711;;7,66;1,7118935;160,1260708
180712;32;7,9;1,400873917;138,2497667
180713;38;7,72;1,629451542;143,6841125
180714;15;11,96;1,440698958;164,519625
180715;18;5,5;1,70005305;195,6422
180716;27;7,05;0,9369958;136,062125
180717;14;6,1;1,720533958;185,9239375
180718;13;10,63;2,086490417;163,7796167
180719;24;6,21;2,420734125;144,8040083
180720;26;14,82;1,85135175;167,1605958
180721;27;7,77;1,651867542;167,9237738
180722;18;17,5;3,158136;187,1251833
180723;27;11,76;1,570523042;165,0779458
180724;28;1,92;1,832370875;116,6902
180725;23;4,36;1,650080292;125,3275479
180726;27;4,12;1,211686958;166,989225
180727;17;1,42;1,729963208;101,4041542
180728;15;6,4;2,186324958;146,5887083
180729;17;7,72;1,913351125;132,2565125
180730;18;6;1,813072292;138,0515525
180731;20;5,9;1,892279208;136,8754792
180801;21;3,2;1,369036958;138,4124917
180802;20;1,87;1,237324917;132,6604208
180803;30;11,48;1,850421833;161,83245
180804;32;7,07;1,601729875;157,9020333
180805;26;7,26;1,58678325;128,1829417
180806;19;9,32;1,413804875;149,3833042
180807;;;1,078982292;85,281325
180808;;;0,243472417;7,090604167
180809;20;7,9;1,363140625;135,7367125
180810;25;18,4;1,48147375;154,1511208
180811;31;10,28;1,308756458;164,5397708
180812;20;15,05;1,552953667;191,085825
180813;12;10,14;2,554068;181,6421208
180814;21;19,31;1,45926275;224,6243625
180815;19;6,69;1,841133292;137,9980333
180816;16;6,62;1,661563625;148,8618125
180817;22;10,94;1,333584792;176,168525
180818;16;8,32;3,944658875;194,1317542
180819;17;16,49;2,183378292;181,0548625
180820;14;1,91;1,303878333;158,9145708
180821;23;12,3;1,048165708;169,0540375
180822;22;6,39;1,300813208;184,3883542
180823;13;14,14;1,63215975;164,9680625
180824;11;19,71;3,2263515;206,9624167
180825;17;12,46;2,299907125;166,6664125
180826;16;4,39;1,079781333;121,5504208
180827;8;2,01;1,211444333;169,9759917
180828;19;5,3;1,957963583;232,0067208
180829;20;3,24;1,59250625;205,4454917
180830;16;1,49;1,442952583;161,4318625
180831;14;2,69;1,354825708;145,1233542
180901;17;8,35;2,033503542;164,2101042
180902;16;4,83;2,155923458;163,8179021
180903;18;13,31;1,747169292;132,2520058
180904;18;1,92;2,302990958;107,7945417
180905;10;2,05;1,890287417;171,3331
180906;15;5,4;2,112833458;148,3916196
180907;15;2,78;1,695701875;177,1158942
180908;18;3,24;2,107673917;140,2456083
180909;16;2,28;2,066359583;140,5515833
180910;17;3,17;1,722262917;130,0174583
180911;19;6,45;1,786625642;180,3534208
180912;19;9,47;1,761636292;153,4079573
180913;17;2,48;1,118164833;158,1019667
180914;16;3,92;1,061574208;165,08157
180915;15;2,6;0,887564546;162,9683167
180916;20;4,72;2,345921375;145,3993958
180917;22;5,85;1,936825138;167,3935625
180918;9;3,09;1,913404708;179,6827458
180919;15;6,37;1,855863333;131,350925
180920;15;5,42;1,867995667;172,9278292
180921;15;10,95;1,828851583;213,6438792
180922;12;16,4;1,757428583;215,0856333
180923;9;3,53;3,06523275;191,3710167
180924;10;5,6;1,958139083;173,5934542
180925;15;5,11;1,705623458;159,1220875
180926;12;3,58;1,486126042;177,7841392
180927;10;1,76;1,255792083;150,1200292
180928;13;2,79;1,55919625;179,1672333
180929;8;5,49;2,028766958;202,7843792
180930;6;4,78;2,752772292;202,0067167
181001;9;5,08;2,630197583;194,2669125
181002;17;4,72;2,43137725;159,5198333
181003;15;8,9;2,124458417;156,9087925
181004;14;1,77;2,21252875;127,3403254
181005;11;3,55;2,102193542;171,8749583
181006;22;7,03;2,064978875;206,3420375
181007;9;1,46;1,252747042;185,6480929
181008;;;0,233044458;26,47087083
181009;;;1,334270958;100,2872792
181010;11;5,09;1,847315458;181,0247875
181011;9;2,31;2,15768425;167,0026417
181012;9;4,32;3,178989167;230,5813333
181013;9;5,01;2,42263175;197,0768583
181014;28;4,1;2,625469125;185,7619083
181015;15;3,32;1,990913938;165,9081083
181016;6;3,06;1,534085292;165,4109167
181017;8;1,11;2,022676583;175,4714333
181018;8;5,01;2,443726833;183,5403667
181019;7;3,82;2,976580208;182,9542667
181020;7;6,86;2,696641167;183,2811667
181021;11;6,51;2,45295275;181,1108083
181022;10;1,82;2,199130708;177,0880571
181023;8;1,86;1,583030042;173,7099375
181024;9;7,64;2,493583725;173,4169583
181025;9;6,01;2,012306083;182,4784292
181026;14;9,59;2,156035833;208,6969083
181027;9;4,37;2,353713125;174,5985583
181028;9;5,43;1,6588365;143,7094158
181029;5;3,22;1,075831625;212,6586917
181030;7;6,07;2,390046208;198,8805875
181031;7;4,41;2,623001958;217,4944367
181101;10;6,04;2,0671219;205,4010042
181102;8;3,94;2,070348792;190,4754583
181103;10;5,11;2,647233313;180,0955458
181104;12;6,5;2,33602075;179,8240954
181105;14;10,69;2,221656458;177,568445
181106;16;3,64;2,026193;156,4186917
181107;12;3,99;2,204935375;199,6370875
181108;11;6,93;2,339256333;178,6699333
181109;8;6,74;2,376670042;179,1133083
181110;9;4,6;1,895738375;182,0302625
181111;9;6,13;2,366423625;219,8907083
181112;6;3,64;1,947708;219,6910417
181113;6;4,35;2,899150042;180,6090625
181114;8;6,29;2,632827;195,9251208
181115;10;6,29;2,412595792;155,4398192
181116;7;7,12;2,618582321;215,6905833
181117;10;9,11;2,852287417;207,1049458
181118;13;10,5;2,276731125;191,5243508
181119;12;3,45;2,253164083;157,3418458
181120;8;4,15;2,055413625;169,2113042
181121;7;4,81;3,042216542;187,0594442
181122;8;7,39;2,627149542;196,1084167
181123;9;2;2,559754;161,8415292
181124;13;3,02;2,464655333;184,4252875
181125;13;2,3;2,777694833;168,5149596
181126;12;2,17;2,861741958;177,8055625
181127;13;2,68;2,265578917;229,6219563
181128;9;2,32;2,203474583;229,3591083
181129;10;5,39;2,738719875;239,875625
181130;13;2,78;2,144088292;164,2372
181201;10;1,33;1,358147083;207,6386954
181202;8;1,19;1,443767875;239,223475
181203;6;3,01;1,3850125;196,5601333
181204;7;2,76;1,710291125;205,4542367
181205;11;3,11;2,521267667;168,0289342
181206;10;1,67;2,679473;180,5792208
181207;15;2,45;1,9735625;241,3757963
181208;9;3,01;2,821427208;172,7956417
181209;9;3,17;2,758029;184,053027
181210;9;3,94;2,939683454;205,250475
181211;10;7,3;3,174994917;197,7141375
181212;10;6,66;2,977254708;214,5794667
181213;8;9,96;3,088342292;203,2067917
181214;9;7,15;3,253278417;209,9387917
181215;11;3,07;2,666953375;219,5632375
181216;13;2,54;2,415503833;183,7258171
181217;12;2,05;2,239639;217,1725375
181218;14;2,14;2,12387725;192,0060667
181219;12;3,12;2,368810958;235,4048333
181220;10;4,93;2,812231958;203,1349042
181221;12;1,61;2,426301167;206,4539542
181222;9;2,47;2,459382792;238,7284583
181223;13;4,38;2,809425792;245,0815833
181224;11;1,12;1,532172042;235,7795875
181225;9;1,36;1,546553738;205,2923667
181226;14;8,64;2,645097625;224,6242417
181227;10;5,67;2,704236167;209,6433958
181228;13;4,89;2,35436625;222,164725
181229;10;5,61;2,995204792;197,3078658
181230;14;3,12;2,697226917;193,7502375
181231;17;2,62;2,487470792;202,0544042
190101;21;3,19;2,640691833;232,5589708
190102;20;3,11;2,428294125;203,6486958
190103;23;2,51;2,547263779;164,03815
190104;16;1,51;2,459258417;193,5998625
190105;11;1,8;1,423862167;210,9791292
190106;17;2,52;1,935477125;177,18355
190107;9;1,44;1,873809708;206,6832208
190108;6;3,39;2,825502667;192,5373458
190109;7;4,58;2,698075125;196,6652
190110;11;4,04;2,598802446;191,7300458
190111;7;1,36;2,616915625;181,6559
190112;10;1,83;2,779800708;179,248925
190113;6;2,2;2,750285667;189,8806083
190114;12;3,93;2,767547042;158,3545583
190115;14;3,88;2,815038417;178,1232958
190116;10;2,93;2,948705875;183,7930542
190117;65;5,02;2,699631125;190,4350958
190118;27;1,12;2,273024292;182,5681083
190119;13;1,63;2,266315875;179,99715
190120;19;2,26;2,189459958;247,372075
190121;18;1,97;2,114259521;211,5911667
190122;14;2,58;2,273242333;199,7739958
190123;15;1,6;2,680241542;156,7379875
190124;12;1,43;2,401648667;219,4779625
190125;16;4,18;2,50971425;192,8026583
190126;23;2,4;1,891151625;184,1929875
190127;22;1,92;2,325116083;205,5311125
190128;20;1,64;2,237854708;182,758295
190129;15;1,44;1,854400708;164,3399192
190130;13;2,2;2,587292542;169,141325
190131;14;1,57;1,99139225;189,7284
190201;17;1,3;1,656215792;192,7398083
190202;12;2,49;1,487088375;216,8173542
190203;16;2,31;1,765031175;200,7228729
190204;12;1,66;2,196619;256,4904542
190205;;1,21;1,539168042;140,065775
190206;16;1,48;2,143447375;168,059236
190207;16;1,62;1,905395729;231,2935792
190208;21;6,77;2,034524333;178,7727875
190209;17;1,54;1,708377008;201,4996
190210;25;2,08;1,935431458;159,9630167
190211;18;3,06;2,499812792;152,1055958
190212;10;0,93;1,77192225;166,6448375
190213;11;4,2;2,500666625;179,5846958
190214;24;3,37;1,821370667;180,3082125
190215;23;1,38;1,983577;183,590125
190216;14;1,41;1,346514458;205,2870542
190217;21;2,56;2,652460125;164,7363125
190218;22;2,38;1,871943792;218,5224167
190219;15;2,57;1,963055458;242,39225
190220;13;1,71;1,759410708;165,46885
190221;11;1,66;1,795166125;175,6578958
190222;9;2,81;2,6458285;186,9240375
190223;16;3,87;2,297896833;193,5766175
190224;14;1,9;2,29290175;183,2466583
190225;11;1,92;2,194467042;146,7599375
190226;12;2,9;1,840107529;178,85545
190227;15;2,03;2,061397167;183,0467042
190228;15;3,39;1,939468304;225,211175
190301;13;3,86;1,667279958;161,1801667
190302;14;1,16;2,015528875;162,9755708
190303;11;3,04;2,094615583;206,1800792
190304;;;1,005900292;97,38173333
190305;14;4,13;2,269640292;169,1108538
190306;12;1,98;2,249264708;161,6829833
190307;9;3,91;2,132802917;197,2512539
190308;9;2,51;1,715110042;204,8273717
190309;12;1,19;1,739412625;174,7579958
190310;12;1,94;1,980011542;159,6550875
190311;11;3,13;2,280534958;166,4494792
190312;13;4,76;1,803663708;191,41875
190313;18;3,36;1,5480725;187,0446592
190314;14;2,14;1,618221625;208,9891042
190315;13;1,94;2,008071458;178,3483167
190316;12;2,37;2,199344208;147,9751529
190317;17;3,23;2,1254345;169,9874
190318;14;4,04;2,18668475;182,8142583
190319;16;6,59;2,351124513;174,4350458
190320;20;3,05;1,988412875;147,78895
190321;17;2,41;1,8218045;157,5458042
190322;16;2,63;1,61704975;190,3275042
190323;19;3,62;1,614785333;184,7885958
190324;19;2,17;1,0987605;199,7118342
190325;13;2,93;1,609846375;218,1846375
190326;22;4,56;0,958906042;175,1914871
190327;23;5,34;0,8853795;188,7058917
190328;;4,53;1,515135708;149,14565
190329;20;5,19;1,825148083;198,8692417
190330;24;4,97;0,943704;224,2734333
190331;11;2,34;1,695146958;185,8768
190401;19;4,65;1,145438717;162,1687958
190402;20;2,64;1,046290667;169,039175
190403;13;1,37;0,711522888;201,8426708
190404;13;5,27;1,661668875;179,0726458
190405;17;5,16;1,110889692;194,1287292
190406;19;3,76;0,929811625;170,3064375
190407;19;0,98;0,779185667;207,814575
190408;17;5,1;0,999743554;224,9972083
190409;16;5,13;1,471922667;191,8264167
190410;19;3,3;1,443356583;215,1927708
190411;21;1,87;1,129934333;236,4357667
190412;15;1,78;0,733827425;180,0766208
190413;19;3,76;1,03292;184,3042875
190414;24;2,53;1,33046025;151,6961604
190415;18;5,85;1,112237;146,5303458
190416;16;7,32;1,336486333;157,7938208
190417;17;2,04;0,915836917;148,9542583
190418;21;1,24;0,71891875;151,6810842
190419;19;4,03;1,137565833;158,3832125
190420;15;3,33;1,071121846;165,7386113
190421;27;5,84;1,431916125;148,8952779
190422;17;4,47;2,028107833;148,9186125
190423;27;4,58;1,162924583;149,9360042
190424;25;2,91;0,757101083;136,0401833
190425;18;2,93;1,757675125;143,0901875
190426;13;4;1,777478583;121,742125
190427;23;4,09;1,714794417;145,6045292
190428;25;8,28;1,7587335;170,1352625
190429;15;4,42;1,504153042;150,4961481
190430;18;4,23;1,814635431;129,5414717
190501;25;4,91;1,6771675;137,5378867
190502;;6,8;1,651869054;155,9349917
190503;7;7,38;1,169637458;178,81552
190504;10;4,4;1,372373825;182,5465667
190505;16;8,98;1,333080242;189,6338833
190506;13;2,02;1,207931875;199,9911896
190507;14;3,51;1,63509025;194,9956667
190508;21;3,31;0,85032525;174,3845083
190509;16;2,58;1,608127042;135,2354583
190510;15;3,97;1,837658708;136,8388958
190511;26;5,7;1,861923792;137,3940258
190512;28;5,44;1,518810358;154,8391121
190513;26;3,08;1,370855042;158,5647333
190514;37;17,68;1,054622925;215,2678042
190515;23;2,04;0,758108458;132,6245138
190516;11;0,84;1,244570042;160,3100338
190517;14;6,79;1,357075958;162,9602417
190518;19;10,03;1,790103417;183,06965
190519;23;8,23;1,222009667;192,7960079
190520;18;4,51;1,847049875;170,5178692
190521;16;8,82;1,813016;140,4843375
190522;20;9,23;1,754631167;148,699625
190523;25;8,5;1,692479708;128,8911958
190524;40;11,78;1,055632125;126,6515542
190525;32;2,24;1,548249875;96,09916667
190526;15;1,34;1,411657229;131,8877208
190527;14;2,29;1,341472917;121,4407683
190528;;4,57;1,557851417;153,7397167
190529;10;1,91;2,3837805;102,2356125
190530;7;0,97;1,330402667;144,1133917
190531;8;0,93;1,78736275;146,5580708
190601;12;1,77;1,902103333;160,1633708
190602;21;4,81;1,080997167;139,42805
190603;23;7,21;1,527977875;135,2319833
190604;19;19,39;0,872991283;144,914425
190605;21;6,43;1,186569313;173,19965
190606;13;4,22;1,39519975;193,001025
190607;14;10,71;1,51728275;177,2443458
190608;21;10,56;1,417649917;118,0037658
190609;17;5,93;1,571793792;144,2831792
190610;17;3,72;1,166835958;158,8852292
190611;12;1,28;1,784790667;96,85423333
190612;12;0,99;2,354802917;137,0538125
190613;9;1,87;0,933778292;113,9285458
190614;6;1,66;1,43022975;129,0627083
190615;10;1,22;1,672562792;117,8893417
190616;10;1,07;1,857210542;113,7666625
190617;11;1,1;1,58145425;85,63554167
190618;10;6,17;1,5731435;152,2317833
190619;17;7,76;1,032303625;99,07264583
190620;19;1,85;1,217714417;163,3890667
190621;19;5,2;1,476870417;142,5306417
190622;27;4,62;1,014232292;130,9422333
190623;21;12,6;1,0641151;180,9137208
190624;13;6,49;1,181216792;202,6002708
190625;10;19,16;2,053649954;189,890425
190626;17;5,9;1,275841867;129,5366556
190627;12;2,77;1,431629417;114,616525
190628;6;1,03;1,754727167;93,00161667
190629;7;3,37;2,328167375;146,0807042
190630;14;6,43;1,177779458;153,1694333
190701;18;6,77;1,313798917;137,3143875
190702;20;9,82;1,265181083;153,32245
190703;21;13,23;1,507346146;167,6258042
190704;20;10,3;1,48088625;147,9947213
190705;19;5,8;1,106108;124,1486417
190706;15;1,29;1,458929125;105,2073588
190707;13;2,04;1,199237;128,3971458
190708;14;2,39;0,813171358;154,2697213
190709;15;2,85;1,119777542;159,1541375
190710;19;22,06;0,871748;131,7076625
190711;14;14,79;0,909912458;128,7708875
190712;17;18,55;1,08499925;171,7776667
190713;20;23,31;1,303944083;129,6063667
190714;17;10,7;1,738519375;140,0008063
190715;21;6,15;1,095287625;113,7149625
190716;17;5,07;1,619708167;123,3609292
190717;17;5,24;1,358587458;163,9749042
190718;18;9,91;1,558077388;153,3695333
190719;22;7,72;1,611429333;137,5067208
190720;28;3,17;1,230813875;115,3718675
190721;13;3,95;1,272277292;139,4507625
190722;10;13,33;2,387904833;165,45255
190723;15;4,35;1,491986542;142,0136417
190724;20;3,14;1,690828208;134,7290208
190725;13;2,64;1,771223625;130,5747625
190726;20;8,25;1,385844208;152,816525
190727;28;5,18;1,445191708;147,907425
190728;22;3,67;0,971501863;157,7471992
190729;20;8,5;1,319657917;164,5889542
190730;18;13,19;1,325247375;184,0602708
190731;16;17,08;2,712866667;184,4573817
190801;14;28,82;3,743827833;194,98275
190802;20;11,82;1,806866292;192,6874292
190803;25;6,06;1,25276225;121,2114083
190804;27;6,31;1,116765958;159,3949542
190805;19;3,13;1,236060042;153,338875
190806;19;5,46;2,513214;171,3721917
190807;12;11,11;2,817221917;186,6369583
190808;13;2,66;1,869956;141,8723625
190809;17;3,07;1,965922875;161,5575625
190810;20;5,35;1,7190353;175,9669958
190811;15;6,9;1,736806208;169,8221875
190812;13;5,39;1,382946417;152,3183717
190813;22;10,57;1,187655454;109,9165821
190814;17;1,09;1,409558625;157,3877254
190815;16;1,01;0,743648583;174,8806771
190816;9;1,15;0,936168542;180,6971292
190817;11;3,29;1,863696208;134,9958083
190818;19;10,22;0,904441713;160,32933
190819;21;11,76;1,067730583;169,456325
190820;19;3,95;1,460257667;149,0427542
190821;16;3,79;1,248535292;164,6052958
190822;20;3,38;1,441628417;147,6412417
190823;21;2,86;1,534769708;149,0292208
190824;19;2,67;1,443788792;147,4062375
190825;13;1,34;1,338510833;158,815
190826;11;3,77;1,516714708;181,0923375
190827;19;7,65;1,658899833;201,47945
190828;14;2,69;1,427225417;182,1127083
190829;9;3,81;0,885373946;161,4624544
190830;9;2,53;1,337860125;126,376675
190831;15;2,77;1,932861125;146,0019433
190901;20;4,98;1,975287625;174,6944667
190902;14;2,61;1,911579417;180,2638125
190903;16;4,58;1,786786583;152,3589417
190904;13;0,99;2,098096542;164,2606083
190905;10;1,06;1,449834958;169,7320333
190906;13;4,39;1,432926792;157,7188917
190907;8;1,66;1,727962583;152,8847167
190908;7;5,32;2,25722;215,4591542
190909;5;0,82;2,130064625;140,02465
190910;8;1,24;1,875382667;143,238615
190911;9;4,33;1,977702625;171,5870525
190912;14;4,02;1,848093958;195,0935125
190913;13;0,9;1,623907667;165,3407667
190914;11;1,02;2,100076208;198,4043613
190915;9;4,38;2,789761208;172,4470958
190916;8;4,58;2,617201542;190,7033667
190917;14;1,14;2,13529875;146,2616208
190918;19;3,66;3,054096792;167,73515
190919;19;4,8;1,68768975;168,1320292
190920;24;7,03;2,605105083;170,8301208
190921;22;4,15;2,149588917;147,8743875
190922;12;1,18;1,602944638;201,0184708
190923;12;2,84;2,098033333;221,2416292
190924;16;5,8;1,719496292;186,7828458
190925;21;17,81;1,416239917;187,2820625
190926;9;1,22;1,806557667;195,1676
190927;6;1,1;1,806535792;175,3643625
190928;13;2,58;2,679185875;151,3080292
190929;;;1,116202375;135,4268613
190930;6;3,11;2,650841042;213,1837917
191001;7;6,25;2,375691083;188,6456667
191002;8;8,48;3,303304625;169,5877125
191003;8;3,47;3,796833542;165,1805958
191004;11;5,14;2,965452083;180,7824708
191005;16;5,82;2,646139875;186,2721833
191006;14;11,97;2,638145;183,2882125
191007;13;7,53;2,301643333;189,4478513
191008;16;4,76;1,994236667;172,8570208
191009;17;3,66;1,461672125;161,8119004
191010;13;3,78;1,648350958;204,5668458
191011;16;10,02;1,640543667;244,5742613
191012;19;5,33;1,871901704;188,7120717
191013;19;3,19;1,886025875;192,5458417
191014;9;2,57;1,936641458;175,7599208
191015;11;3,2;2,496887708;191,7117067
191016;12;3,03;1,882804208;199,793775
191017;11;7,52;3,135696917;207,2289583
191018;12;3,6;2,445656208;186,0871817
191019;12;2,86;1,551661125;227,0461167
191020;12;4,41;2,827330792;196,9294083
191021;16;7,33;2,398151708;191,7251004
191022;17;3,47;2,089298708;184,5788708
191023;13;2,93;2,177708371;168,0020875
191024;14;4,42;2,704287458;195,5453292
191025;13;5,47;2,256022479;189,5621483
191026;9;4,96;2,637261125;172,2392375
191027;7;6,45;2,337687;183,0317083
191028;8;4,58;2,425343083;201,869225
191029;9;6,77;3,191400458;166,3444
191030;13;5,86;2,76456725;200,1281167
191031;11;4,72;2,824961375;171,0165958
191101;10;7,21;2,480062667;189,3008208
191102;19;4,02;2,543829333;189,2789096
191103;14;3,18;2,827669458;235,204625
191104;12;3,67;3,096142625;209,25355
191105;16;3,23;2,547349667;176,4566708
191106;17;3,12;2,3439545;192,798536
191107;15;2,85;1,947430958;183,9633792
191108;14;2,74;1,680899333;239,9963917
191109;18;3,32;1,662340667;200,7758667
191110;16;6,19;2,089514375;221,9282875
191111;8;3,84;1,760682208;206,8584
191112;9;4,1;2,035398458;219,2352458
191113;12;4,18;2,513077083;218,7702458
191114;12;4,94;2,731605;210,2753333
191115;13;3,69;2,088840375;222,9398325
191116;9;4,49;2,608026;237,1979458
191117;27;8,62;2,51191875;191,3085375
191118;25;4,76;2,065781167;197,3312417
191119;26;2,75;3,193857875;204,2753625
191120;17;3,36;2,14592525;201,3131122
191121;12;3,21;1,797078125;174,031025
191122;12;3,04;1,75721275;209,0882226
191123;11;3;2,125370875;164,2333792
191124;11;3,22;2,672465375;180,5259958
191125;15;6,73;4,213226;190,7644792
191126;15;6,93;3,776186417;196,93025
191127;17;5,77;2,725517167;213,5731333
191128;18;3,8;2,833438667;202,9463542
191129;11;5,65;2,604702842;208,77035
191130;18;4,14;2,429792333;222,9248579
191201;15;3,25;2,817598208;215,350825
191202;10;4,13;2,922451375;211,7609875
191203;15;2,97;2,469988083;197,4168958
191204;19;3,38;2,474824458;200,7667425
191205;21;3,47;2,12685875;200,4793875
191206;12;2,85;2,840097875;256,8460417
191207;9;4,29;2,756108917;227,8917083
191208;12;6,62;2,647274042;217,930975
191209;17;8,61;2,798232542;239,28
191210;9;4,45;2,776247583;203,6569958
191211;11;4,85;2,588153;224,6601667
191212;14;3,07;1,876146583;204,551
191213;18;3,54;2,62395825;192,2994038
191214;14;4,47;2,285245708;216,2594255
191215;17;8,29;2,773527792;192,3573475
191216;17;3,64;2,828045125;207,2396988
191217;18;3,05;2,418142625;188,813875
191218;13;2,86;1,694333625;201,1022333
191219;8;3,1;2,043302208;179,3302958
191220;18;5,43;2,535645833;203,0352167
191221;19;3,26;2,328063917;213,4170209
191222;20;6,54;2,18631525;187,2930925
191223;21;4,41;2,452237125;217,2311292
191224;;3;2,457336375;186,7899167
191225;15;3,7;2,643202017;209,6183708
191226;15;3,24;2,28451275;205,2184054
191227;12;2,99;2,478214292;231,3827583
191228;14;3,13;2,161885375;199,025175
191229;17;3,24;2,615477625;208,3295083
191230;19;3,34;1,99259575;235,7412042
191231;20;3,05;2,291265667;244,921
200101;12;3,47;2,357817625;269,3267083
200102;14;3,03;2,479559875;184,2771625
200103;12;3,51;2,693564125;231,5056346
200104;16;2,94;2,560376833;204,83845
200105;16;3,07;2,209833708;237,1930542
200106;11;3,48;2,376087708;221,2262583
200107;15;6,71;2,748582792;202,0256917
200108;10;2,81;2,307325208;214,05557
200109;15;3,12;2,777719833;173,8557917
200110;20;3,04;2,528812292;205,9564333
200111;22;3,15;2,127031958;240,2036625
200112;14;2,91;2,512882708;248,238375
200113;13;3,09;3,1956205;222,0755292
200114;10;3,1;2,351936583;237,7176833
200115;20;2,82;2,468095458;230,7995325
200116;31;3,19;2,055178833;217,3628042
200117;27;2,87;1,934458708;195,5716875
200118;24;3,4;2,077516625;205,8947
200119;15;2,69;1,959357129;251,3404583
200120;15;3,25;2,89198375;235,362375
200121;11;2,71;2,265168792;273,6634
200122;10;2,65;2,065278167;195,6894667
200123;9;2,68;2,324647846;189,940275
200124;9;2,74;2,396962375;174,7104375
200125;;3,58;1,943253833;181,3774042
200126;13;2,91;2,280534708;236,23325
200127;14;2,88;2,262988208;252,78975
200128;13;2,81;2,323242583;260,2058167
200129;13;3;2,59633625;222,5363417
200130;14;2,91;2,00848625;153,4257792
200131;15;3,08;2,211855917;221,9772521
200201;16;4,87;2,198179625;203,233625
200202;17;2,96;2,305733375;170,1721417
200203;14;4,86;2,769633875;162,6624042
200204;15;3,8;3,568125333;170,0026075
200205;12;5,12;2,839938792;203,6651542
200206;14;4,48;2,691368958;198,0074167
200207;15;3,24;2,210204292;199,2673482
200208;22;2,94;2,22369825;198,2341917
200209;21;9,11;1,802940833;223,3962346
200210;13;3,21;2,228201208;226,5374792
200211;11;3,93;2,476512417;234,8571917
200212;13;4,67;2,930570042;244,7497917
200213;17;3,41;2,807087042;211,3470079
200214;27;3,16;2,095995042;185,085705
200215;20;2,98;2,412992458;211,0010375
200216;12;2,91;2,401699958;230,3237667
200217;10;3,37;2,755319708;226,9548479
200218;15;2,93;2,351837833;191,1800917
200219;15;2,76;2,299488083;234,1923083
200220;19;2,6;2,461881333;179,3289875
200221;15;2,68;1,681426667;201,4101167
200222;17;2,97;1,892291292;170,1856217
200223;18;3,35;1,980204333;155,5247375
200224;14;3,27;2,189923542;164,8733542
200225;13;5,14;2,517199;169,5782917
200226;14;3,02;1,92316425;200,5629625
200227;13;3,73;1,955765042;241,3509625
200228;11;3,8;1,92049625;239,973375
200229;12;3,06;1,7923235;255,4116542
200301;10;4,06;2,198194458;259,0550833
200302;7;2,79;2,164869542;254,2301667
200303;11;7,26;1,797586292;204,0922125
200304;12;4,2;2,2072718;205,1632667
200305;9;7,99;1,391430167;164,3996542
200306;13;2,76;1,653412042;150,1828558
200307;16;2,84;1,990026375;164,4994208
200308;12;2,75;2,231014875;192,7436333
200309;14;2,76;2,122591667;183,8344625
200310;11;2,5;2,1519545;167,9254542
200311;10;2,48;2,174725;203,5811875
200312;10;3,5;1,655937958;145,0754292
200313;8;4,43;2,415903333;186,9783083
200314;10;3,64;2,414015208;202,8996208
200315;;2,55;1,349124542;96,50962917
200316;9;2,4;2,155807458;222,7697829
200317;12;3,35;2,265232458;177,2939833
200318;11;2,99;2,095075833;154,2547667
200319;13;4,88;2,37993125;240,7549583
200320;16;2,79;1,62913125;186,3410217
200321;9;2,31;1,391356408;127,4010625
200322;9;3,95;2,052616625;158,9048417
200323;9;4,58;2,447344125;144,4804917
200324;10;2,99;2,5135105;150,7355375
200325;8;5,13;1,73902405;168,6543125
200326;9;2,52;1,6027045;230,0740667
200327;6;2,61;1,598675875;209,863375
200328;10;3,07;1,918831292;215,476375
200329;14;10,05;2,217141458;192,7403417
200330;12;3,01;2,25409925;174,6946792
200331;12;2,95;2,300270021;188,7444708
200401;16;2,74;2,137873958;147,3679175
200402;22;2,71;1,914996375;139,9952542
200403;20;2,59;1,890659617;177,7353875
200404;15;2,45;1,646704;173,9364083
200405;15;4,9;1,896552875;220,8931092
200406;15;4,4;2,009119167;160,4842125
200407;20;2,54;1,753127208;155,6849208
200408;20;2,93;1,306392417;156,7785583
200409;15;3,49;1,6925105;224,26525
200410;11;3,49;2,094053375;225,43725
200411;16;4,35;1,79875925;178,8379954
200412;17;2,97;1,546003917;199,2532504
200413;18;3,81;1,954147917;170,2359296
200414;21;3,12;1,925534954;160,1789917
200415;23;2,89;1,925405708;151,6576125
200416;24;3,21;2,257529;145,9409542
200417;14;5,43;1,673088833;169,6249042
200418;12;5,2;1,576121917;147,5878458
200419;10;4,76;1,725945542;172,3602917
200420;14;3,63;1,812306833;161,1843875
200421;16;3,14;1,717042625;172,1113375
200422;14;5,08;1,181960667;228,248425
200423;8;2;1,661855375;180,7441042
200424;7;1,95;1,637871208;123,9612517
200425;9;2,24;2,119159792;143,2694042
200426;7;2,55;1,787139583;136,144175
200427;4;2,84;2,100590625;155,4187167
200428;11;17,81;2,408102129;175,5273838
200429;12;4,03;2,096880871;146,6292208
200430;14;5,26;1,985044208;153,916075
200501;14;3,09;2,123538608;179,93175
200502;12;3,63;1,927640375;187,7481292
200503;15;6,95;2,202646333;172,157625
200504;19;5,59;1,751191083;163,1339042
200505;19;4,06;1,586384375;152,7677617
200506;15;2,99;1,725422417;135,8284888
200507;13;2,81;1,770571875;147,2995958
200508;17;3,71;1,218539708;177,1166375
200509;24;8,15;1,957879375;198,7496667
200510;14;11,74;1,884250471;199,9141167
200511;16;3,15;1,820391792;167,129225
200512;17;3,18;1,710036417;135,0593667
200513;19;7,03;1,804437792;155,4073875
200514;19;6,33;1,8609495;164,6828083
200515;20;6,56;1,832728958;172,0042375
200516;18;7,01;1,550709104;230,0175708
200517;14;2,88;1,400116833;135,1164083
200518;12;2,27;0,821950333;157,4805496
200519;15;2,44;1,131151208;191,606275
200520;17;4,41;1,010235792;180,4653042
200521;15;5,92;1,751223083;148,3686425
200522;16;5,55;1,644006125;134,7210875
200523;27;8,61;1,492167375;170,4686333
200524;24;8,93;1,625305458;161,1377
200525;;7,87;1,959821875;195,3991542
200526;13;2,24;1,350443463;141,0239125
200527;15;2,58;0,911840417;186,7035833
200528;14;2,54;1,533549667;155,0934379
200529;21;3,3;1,202665958;167,4921083
200530;23;3,77;1,648309292;164,6835425
200531;19;3,52;1,533491846;159,2393308
200601;18;3,55;1,769619833;138,7380917
200602;15;3,56;1,476363375;136,137925
200603;6;2,58;1,918544708;140,3656417
200604;13;2,83;2,1536765;122,6812042
200605;14;3,88;2,114511083;128,663175
200606;19;3,76;1,423636375;140,5251167
200607;17;2,74;2,13739025;124,6068792
200608;15;5,35;1,596896417;129,7613792
200609;18;5,07;2,05855875;154,4433083
200610;16;4,33;1,864137542;124,61295
200611;9;2,46;2,568185833;150,0301625
200612;7;4,09;2,213615042;198,9933458
200613;20;6,8;1,546241083;159,0634729
200614;19;7,57;1,579709458;171,8311375
200615;8;2;2,501977208;147,8908208
200616;7;2,39;2,117262458;136,9332417
200617;8;2,37;2,782990458;108,6341792
200618;10;2,5;1,42989;98,89378833
200619;9;2,46;1,324408;127,246275
200620;11;2,49;0,889831542;170,2158213
200621;12;3,71;1,720457571;126,7742083
200622;11;3,17;1,218790792;147,259932
200623;7;3,36;1,769005583;199,1772404
200624;5;2,72;2,2015475;154,783075
200625;12;4,13;1,351642542;157,4075042
200626;16;5,08;1,574942458;166,7260208
200627;24;5,09;1,444666958;111,3048163
200628;14;3,19;1,455779458;156,2353917
200629;7;2,42;2,813004667;169,2184042
200630;7;3,02;1,905947;144,2509092
200701;11;7,86;1,33709975;175,1699125
200702;15;6,05;1,716017292;171,0506167
200703;15;13,21;1,111732583;140,3471625
200704;9;3,11;2,190642833;161,2374125
200705;7;6,35;2,157406625;144,7113
200706;11;3,76;1,54397425;140,5456625
200707;8;2,57;1,530226125;103,6893851
200708;9;2,8;2,024483125;122,269225
200709;15;7,94;1,606361042;154,2900029
200710;18;7,78;1,465964375;160,1943138
200711;19;7,97;1,255951667;115,0384704
200712;19;5,79;1,584915292;137,36795
200713;21;7,57;1,460522083;162,639175
200714;20;11,05;1,538906742;166,7989313
200715;13;5,29;1,311166708;101,6940333
200716;12;4,48;1,663432375;117,54445
200717;8;2,53;2,02676425;95,2503
200718;7;2,48;1,5336265;168,4256125
200719;9;2,5;1,515929958;158,5108254
200720;6;2,43;1,727493333;143,7945292
200721;6;2,44;1,751858708;106,9790458
200722;7;3,2;2,294209667;131,085575
200723;9;2,77;2,147264208;122,9443708
200724;12;4,05;1,879875792;150,552915
200725;15;6,54;1,8440505;160,3062708
200726;15;6,63;1,8110485;174,614175
200727;14;8,9;2,239689292;172,7491083
200728;16;4,01;1,804889583;140,5066446
200729;18;4,75;1,729300958;169,3736583
200730;12;4,48;2,003505875;144,5220875
200731;18;9,8;1,382778375;155,3604279
200801;14;2,99;1,256337167;139,6638092
200802;16;4,22;1,946687375;167,7328958
200803;11;5,95;1,38115275;151,6794417
200804;18;10,67;1,20006625;179,231775
200805;12;4,41;2,949241667;174,4120875
200806;14;8,33;1,911941042;184,1148792
200807;21;7,33;1,787091292;184,0358125
200808;24;5,92;1,439038708;147,2048708
200809;15;5,05;1,599742875;156,0236584
200810;12;7,94;2,9266145;157,5584333
200811;14;11,52;2,098749792;160,8648371
200812;18;4,26;2,047856875;140,0206154
200813;17;5,59;2,287657958;158,4017708
200814;9;6,34;2,231607375;172,5505333
200815;16;9,6;1,969967375;131,2655198
200816;16;4,34;2,2079935;157,568305
200817;14;3,73;2,293115667;131,1388542
200818;13;5,43;1,340890917;163,8789042
200819;13;4,79;2,199102542;171,5837292
200820;19;4,02;1,727978125;146,3195692
200821;18;7,11;1,769754208;168,1683913
200822;15;5,43;1,604659583;190,9873708
200823;9;2,52;2,155500042;174,0816708
200824;12;2,43;2,999019833;186,642075
200825;8;2,46;2,03905925;137,7915792
200826;6;2,59;2,00697375;161,8728792
200827;9;4,48;1,866501875;147,3892125
200828;10;3,01;1,399851333;131,6963083
200829;10;6,26;2,517959208;142,3019542
200830;11;3,94;2,160764208;149,331075
200831;11;2,9;1,830062417;152,3408542
200901;11;3,78;1,589723208;148,5569592
200902;15;4,03;2,29326725;165,7694958
200903;15;5,23;2,214804;164,9070583
200904;12;3,04;1,657219167;177,7363367
200905;10;2,94;2,168834958;135,1979875
200906;14;3,22;2,233260292;155,4559292
200907;12;4,86;1,969770167;122,1511971
200908;11;2,82;1,0504267;164,8962333
200909;11;4,25;2,40433825;167,7628333
200910;12;8,22;2,682975583;186,2200238
200911;14;5,37;3,195399375;174,3600333
200912;14;7,22;1,908673925;155,7719208
200913;19;6,04;2,25590225;140,8004179
200914;17;2,84;1,821318458;148,136825
200915;15;2,61;1,175522333;151,0786375
200916;17;3,84;2,281897542;165,84541
200917;18;9,24;1,702829458;190,5754
200918;21;3,62;2,33071425;157,6869167
200919;19;2,68;1,996704208;102,1085833
200920;12;6,53;0,990797125;132,3196625
200921;13;3,94;2,017955917;232,2389375
200922;15;10,51;1,861699542;157,4388242
200923;19;6,79;1,777140917;158,301875
200924;13;2,64;1,399450625;166,5820875
200925;9;2,78;1,441062958;242,2798583
200926;10;3,78;2,759664;193,7600375
200927;14;3,4;2,511688958;152,4730042
200928;15;3,51;1,985600167;156,2096292
200929;6;2,67;1,983482125;190,5924792
200930;7;5,33;3,343782917;173,8358083
201001;11;5,1;2,766650292;184,7929917
201002;11;3,13;2,609615542;177,0886333
201003;8;7,69;2,96190925;173,5995708
201004;12;13,08;3,081419458;179,7461958
201005;15;3,02;2,943947792;162,4162125
201006;12;5,24;2,734670208;199,9706
201007;15;5,1;2,701136125;168,4164292
201008;16;4,46;2,476483508;157,0970641
201009;17;5,25;2,442475833;178,8300833
201010;18;7,21;2,329597292;166,3228567
201011;20;3,52;2,001150792;148,0497342
201012;15;4,21;1,45912925;179,1605875
201013;13;2,52;1,816776792;201,8281833
201014;10;2,5;2,22908075;205,7463833
201015;11;3,72;1,567437208;219,4308417
201016;4;2,58;1,915388958;163,9641792
201017;14;11,8;1,85966425;195,625275
201018;16;8,26;2,166883038;241,8695833
201019;14;5,61;2,710538833;169,8115958
201020;16;5,7;2,419517917;180,6125913
201021;13;2,65;2,554255042;184,56665
201022;16;7,8;2,005470625;189,9093458
201023;15;10,4;2,375600208;194,885175
201024;10;3,88;2,460010458;168,7786342
201025;10;3,1;3,187315667;201,3722292
201026;11;3,79;2,82253925;172,4049542
201027;8;5,24;2,1353965;184,8570542
201028;11;7,28;3,636201167;189,7949917
201029;16;2,83;2,745587875;158,5318875
201030;15;3,9;2,114940333;204,0599167
201031;15;5,13;1,725755583;253,8948917
201101;10;3,08;2,329698083;241,8656583
201102;13;3,31;2,440282917;201,2314125
201103;11;3,15;2,684298125;227,6064583
201104;8;2,79;2,583187833;228,5440292
201105;18;5,42;2,583825667;199,8291629
201106;17;2,47;2,443992792;150,1207875
201107;16;2,76;1,692699167;180,267925
201108;11;2,69;1,909846292;221,586025
201109;11;2,95;2,3163605;209,4738183
201110;8;2,32;1,409030583;213,2780833
201111;5;3,03;3,058433792;241,9265
201112;8;8,41;1,677736917;235,1225139
201113;5;2,53;2,371046917;188,7124208
201114;11;2,82;2,874962208;219,5119667
201115;16;2,44;2,523517583;176,2288292
201116;12;3,37;2,494133583;218,1831208
201117;10;2,33;1,941274042;210,214975
201118;8;2,2;2,880825375;233,1312333
201119;5;2,2;2,308163542;259,9020417
201120;4;2,01;2,510165375;179,0807375
201121;8;2,12;2,898832208;173,8278708
201122;12;1,93;2,411160375;188,3573042
201123;7;1,94;2,593499917;176,6220708
201124;9;2,36;3,138910333;181,2395083
201125;17;2,87;3,540366129;197,4004833
201126;20;2,08;2,597282833;199,1667875
201127;16;2,1;3,295459167;181,8481417
201128;15;2,55;2,674880042;188,6279083
201129;21;2,46;2,586268208;194,8982583
201130;17;2,13;2,695032292;170,0908404
201201;12;1,93;2,984999583;179,0041167
201202;10;2,34;3,391544292;200,3490833
201203;18;2,58;2,699948833;186,4665096
201204;17;2,2;2,420376625;189,4479875
201205;14;2,35;2,552778708;203,76275
201206;12;2,2;2,532167167;248,0824042
201207;9;2,45;2,427956625;235,5212375
201208;9;2,46;2,594956958;168,9954042
201209;13;2,46;2,282156417;190,3806583
201210;12;2,52;3,100126942;210,2575333
201211;12;2,59;3,019590958;207,5470833
201212;16;2,65;3,048609292;178,0505
201213;20;2,86;2,449710042;171,19145
201214;18;2,57;2,811083583;182,3839667
201215;13;2,57;2,481749042;212,9915583
201216;15;;1,183127042;150,7002375
201217;15;3,4;2,718348917;277,5001667
201218;8;2,62;3,053312458;208,9291042
201219;10;3,31;2,870601417;226,1168333
201220;12;2,77;2,612735833;202,6374783
201221;15;2,6;2,199080833;175,5258208
201222;10;3,87;2,302447458;232,192225
201223;10;4,39;2,265056375;205,4126
201224;10;2,52;2,368216417;190,4170292
201225;12;2,59;2,328890958;180,7909292
201226;9;2,61;2,01470275;158,5981042
201227;7;2,66;2,660739292;242,7704792
201228;9;6,98;2,497734292;236,7597917
201229;8;3,33;3,035158167;212,0810292
201230;15;3,48;2,945398892;219,5504333
201231;24;2,7;2,737030167;150,2959271
210101;14;2,54;2,572143917;230,1689529
210102;10;2,76;2,769891875;270,29375
210103;13;5,61;2,412974;257,1625917
210104;16;3,34;2,341613875;200,9734167
210105;16;2,79;2,980542458;250,2896833
210106;17;2,96;2,780819625;230,7361188
210107;16;4,65;2,315035208;239,6853292
210108;14;3;2,232305583;266,5732292
210109;15;4,05;3,225584417;203,5580917
210110;14;5,55;2,834817708;201,596525
210111;16;5,33;2,916469542;205,2797542
210112;18;2,99;2,484122375;151,966525
210113;15;2,82;2,912979917;161,71015
210114;15;3,18;2,834689458;188,1321517
210115;17;4,1;2,451394083;184,5734417
210116;34;3,97;2,489762375;157,794725
210117;26;2,91;2,61996;180,4735333
210118;12;2,61;2,117097542;212,7614792
210119;12;2,69;1,99981;195,0316208
210120;12;5,13;1,930819783;288,482125
210121;17;3,62;1,99717875;198,3629292
210122;10;2,76;2,001934;267,4260667
210123;11;2,7;2,308360917;195,9205458
210124;12;2,82;2,495677917;227,6872583
210125;9;2,79;2,504965875;252,957175
210126;15;5,15;2,438746083;253,60645
210127;17;4,43;2,9143385;218,3010417
210128;16;2,93;2,611269208;200,7633542
210129;12;3,55;1,774578;152,320441
210130;10;2,9;1,671094875;181,3133833
210131;4;2,7;2,564610708;203,3807333
210201;9;3,53;3,407796625;243,9378333
210202;10;2,94;2,973882917;238,4427083
210203;12;3,94;2,7185315;207,6046167
210204;11;4,58;1,977342333;226,6924292
210205;8;2,72;1,737289042;256,137075
210206;9;2,78;1,595305583;266,2691583
210207;11;3;2,234289375;218,8149313
210208;11;4,06;2,802841;169,8445625
210209;13;4,49;2,6313785;200,8826
210210;10;2,93;1,756693125;251,603125
210211;;3;1,669093292;181,5177542
210212;9;2,89;2,55134625;251,351625
210213;10;2,87;2,740607833;228,6105667
210214;11;2,85;2,528188333;237,3033333
210215;12;2,84;2,270645875;205,4903625
210216;11;3,22;2,347936625;218,3459292
210217;15;5,44;2,783896125;172,0513292
210218;12;4,53;2,744744917;164,3373583
210219;16;3,61;2,799068208;165,6326292
210220;19;3,02;2,208410875;173,5645833
210221;19;3,76;2,875698333;157,9768
210222;13;3,26;2,543949375;202,7940125
210223;18;2,8;2,377425042;168,5442933
210224;21;3,19;1,971016583;167,5646667
210225;17;3,85;2,171509458;216,8366833
210226;11;3,19;2,173024167;235,3214583
210227;15;4,22;2,230005708;207,4309508
210228;17;2,8;1,5618285;165,3691875
210301;13;5,27;1,483854;127,9721988
210302;10;2,71;1,645815;200,3961417
210303;12;3,65;2,252809625;193,8612625
210304;13;4;1,6026284;244,1862571
210305;8;2,55;1,4033435;136,6498042
210306;8;4,13;2,325284125;205,2994375
210307;11;2,9;2,145283542;149,2742438
210308;14;2,79;1,456536013;138,3103975
210309;12;2,82;1,945303708;241,8865583
210310;11;3,16;1,934241917;138,5756208
210311;13;2,67;2,162785042;179,3355496
210312;16;2,59;1,971787417;211,1486327
210313;11;3,78;2,042496083;240,3406667
210314;12;5,5;1,865356667;264,9110417
210315;10;2,82;1,61035025;193,4739708
210316;56;4,62;2,502217333;185,4993917
210317;10;2,93;2,267626417;234,0393667
210318;10;2,79;2,279776083;214,9886838
210319;;2,88;2,518133167;155,4482813
210320;11;3,93;2,616991583;152,0026208
210321;8;4,03;2,40747975;169,4711167
210322;12;5,96;2,368736708;167,8623088
210323;15;2,81;2,461623875;135,1555292
210324;13;4,97;2,094447167;177,8861663
210325;14;6,29;3,164479458;222,6235417
210326;21;6,98;2,280455804;172,6876167
210327;23;3,58;2,193165292;160,5345171
210328;15;2,67;2,036766792;171,3600625
210329;11;2,82;1,634748833;248,2153083
210330;14;3,37;1,826633667;197,586175
210331;20;4,47;1,792756196;194,0503896
210401;21;4,97;1,763202083;212,5053
210402;18;3,68;2,492681417;182,5128875
210403;21;6,11;1,460099625;173,6485667
210404;12;2,72;1,200910292;126,9043208
210405;14;2,77;2,134423292;162,0363454
210406;11;3,78;2,444272083;159,8896871
210407;8;3,35;2,52549975;145,089825
210408;10;6,02;2,382104917;174,5997583
210409;11;3,89;2,447954042;178,1750958
210410;13;6,81;3,044798667;180,6984708
210411;14;4,9;1,80736475;149,9096458
210412;12;3,62;2,16712575;163,2547583
210413;12;4,26;1,385150458;177,7284833
210414;11;4,63;1,742847875;228,556175
210415;19;9,22;1,592759121;175,7443921
210416;14;3,46;1,230962125;142,63701
210417;14;3,59;1,399788542;201,845855
210418;13;3,86;2,08079675;246,7439333
210419;14;2,67;1,546536375;60,82052917
210420;9;2,46;3,019261667;95,8664
210421;7;3,34;3,441398292;157,6009917
210422;10;3,21;1,882910042;163,6246
210423;10;5,55;1,891293042;192,3786583
210424;20;9,28;2,110849458;170,3945875
210425;21;4,34;1,821352208;146,0846725
210426;23;3,9;1,030821792;152,6043542
210427;19;2,92;1,215713583;193,5963792
210428;28;5,57;1,635876142;205,4935208
210429;25;2,86;1,608634208;132,430425
210430;15;2,73;1,999908792;161,504375
210501;16;5,65;1,77389325;128,7762167
210502;11;3,17;1,965895708;140,8228
210503;9;2,49;1,874641792;138,3909625
210504;6;2,76;1,541275833;128,0465625
210505;11;3,53;2,192665167;142,792575
210506;17;3,38;2,010075583;149,2630542
210507;18;2,69;2,421369667;114,5033292
210508;12;4,78;2,081693167;158,5997208
210509;19;8,1;2,172462958;146,5719833
210510;17;3,2;2,096151625;147,5005208
210511;20;7,33;2,099333292;125,2125125
210512;25;5,8;2,27027575;139,1164
210513;28;3,52;2,119284542;141,4394042
210514;29;3,92;1,698073917;130,469025
210515;42;4,29;1,420977667;135,1855125
210516;40;7,83;1,605319083;131,1636542
210517;28;3,48;1,586635833;103,7888958
210518;17;2,63;2,082678667;65,70580833
210519;10;2,42;2,078153583;104,5117667
210520;10;4,39;2,268677458;173,9220917
210521;10;5,63;2,369572833;167,6041583
210522;13;6,89;2,152578;155,303431
210523;24;5,08;1,739108375;149,2752125
210524;20;4,87;2,038399542;138,2586417
210525;20;4,52;1,76294775;126,3209883
210526;23;4,74;1,628691583;125,0643792
210527;18;9;1,524475625;135,7921767
210528;17;10,89;1,612007083;142,5638375
210529;22;5,99;1,841737625;125,3359542
210530;26;5,3;1,858557375;170,8091375
210531;24;5,64;1,948954125;136,4232417
210601;17;3,54;1,81427425;160,3833653
210602;20;5,4;1,746156667;151,3224613
210603;25;10,54;1,796711458;191,6212758
210604;12;3,41;1,266784958;112,2108438
210605;20;8,94;1,496807875;164,8323742
210606;22;3,95;1,462390083;142,8016429
210607;23;6,15;1,988744125;142,8233
210608;19;6,15;2,075372042;121,67185
210609;15;5,56;1,6126735;179,3683
210610;21;13,45;1,563459521;194,0780875
210611;23;8,37;1,417276167;143,77465
210612;24;4,41;1,38282875;185,3354883
210613;19;3,16;1,54021575;164,191975
210614;16;3,31;1,360570333;95,91413333
210615;11;2,49;2,219909167;74,47368333
210616;13;2,76;1,955566625;132,1076125
210617;13;6,41;1,801935917;174,7254292
210618;19;5,95;1,764040667;163,649865
210619;22;3,66;2,174204767;136,7956625
210620;20;2,83;1,999015583;142,9621125
210621;19;6,2;2,168353708;130,284475
210622;10;3,08;2,379360417;93,83176667
210623;8;2,41;2,4105635;104,78005
210624;13;5,13;1,775730125;150,2650167
210625;19;8,55;1,54472225;160,6419167
210626;15;23,07;2,75253125;181,742375
210627;23;9,43;2,033279125;145,0111496
210628;26;6,62;1,955950208;131,4904208
210629;25;9,11;1,614637542;128,8070471
210630;22;4,58;1,838875833;144,4623833
210701;20;7,62;1,815964417;168,7770958
210702;20;5,89;1,770776708;165,4145125
210703;30;3,38;1,70808825;137,3903083
210704;29;6,12;1,968791158;147,7705417
210705;23;9,35;1,366043792;93,96587083
210706;14;3,02;2,009234583;99,337125
210707;20;5,8;1,741304917;156,8235621
210708;23;3,73;1,931550542;127,9733
210709;18;5,78;2,473401;172,1398875
210710;31;6,77;1,568692083;162,4064779
210711;21;2,9;1,595691667;130,056375
210712;16;2,62;1,283088417;107,2335708
210713;16;3,5;2,130227583;148,6419792
210714;25;4,53;2,462620125;139,5368208
210715;32;5,8;2,006716958;141,6066125
210716;26;7,04;2,265169167;156,8980958
210717;35;4,69;1,853603208;139,9682542
210718;38;6,71;1,788509542;104,3573875
210719;24;4,19;1,916982425;115,4920667
210720;26;3,78;1,744316917;127,0205708
210721;22;2,93;1,375309833;135,1675417
210722;25;4,97;1,707278833;188,5914875
210723;20;3,65;1,636743875;79,90105417
210724;12;2,67;1,950004958;104,4650167
210725;12;2,58;1,64892325;100,6360796
210726;12;4,17;2,07227325;153,5616833
210727;20;8,73;1,950161708;172,4470625
210728;24;4,26;1,965004167;137,5651792
210729;25;5,07;1,912865292;140,0271083
210730;27;6,69;1,511269208;144,8507167
210731;39;9,63;1,679067417;145,0318583
210801;34;6,11;1,610015375;106,9278292
210802;26;5,01;1,198261958;123,8705042
210803;26;13,79;1,341447583;113,1554083
210804;18;4,26;1,716772458;114,3891
210805;15;3,17;1,640383792;156,8193958
210806;18;3,24;2,042849333;165,23425
210807;18;5,43;1,459560958;146,9719125
210808;22;4,3;1,427614625;138,8370167
210809;19;4,23;2,3411915;138,9615583
210810;22;5,04;2,450653667;140,7392333
210811;23;10,81;1,772872792;160,5077667
210812;23;4,08;1,467998;161,8050083
210813;36;4,03;2,345847125;169,4309583
210814;42;4,88;1,8847505;172,9610083
210815;31;2,94;1,352496083;74,64900417
210816;12;2,66;1,523508417;109,1035083
210817;9;2,79;1,538591917;128,7436958
210818;10;3,13;1,436982708;151,2856208
210819;8;2,75;1,392484358;151,794925
210820;14;3,88;1,813636708;190,4262
210821;16;2,97;2,157192792;95,43610417
210822;21;14,41;2,085905333;184,7042208
210823;11;3,63;1,3290595;127,0390404
210824;22;4,05;2,257617667;146,6811292
210825;14;4,77;1,801997208;177,7864917
210826;15;5,47;2,4396385;156,7748208
210827;15;3,69;2,060668958;164,4760258
210828;19;5,91;2,146047875;145,417227
210829;13;3,04;1,564989292;141,4717375
210830;11;2,91;1,291929375;192,4718969
210831;7;3,75;2,260216875;157,7626542
210901;13;5,1;2,229927083;185,3678333
210902;13;3,23;2,050748542;227,6062375
210903;12;2,87;1,870106458;204,7914167
210904;14;3,36;2,533211292;146,3707683
210905;15;3,54;2,468818833;171,8516167
210906;11;5,4;2,933225458;180,437525
210907;12;5,87;2,357074667;169,8849333
210908;14;6,91;2,762752833;160,5742875
210909;17;3,58;2,496513875;156,3295167
210910;13;2,77;1,438135667;146,44285
210911;14;2,65;3,829257542;130,1715542
210912;8;2,67;2,551842917;152,4725083
210913;9;4,4;3,282175833;162,9143542
210914;14;7,97;2,397488083;176,5946375
210915;15;3,54;2,168550792;149,722875
210916;20;3,61;2,190636625;189,4309042
210917;17;5,46;2,565347875;219,3966833
210918;19;4,76;2,437851542;176,9553833
210919;16;4,42;3,140515333;215,7965
210920;12;4,27;2,868401458;154,1762
210921;14;2,87;1,942112958;68,23789583
210922;14;3,8;2,620640875;160,0289013
210923;15;3,98;2,294968542;152,0465825
210924;12;2,76;1,801356708;124,9885529
210925;11;3,68;2,426691463;189,3650875
210926;17;4,25;2,710798417;147,3074792
210927;15;3,3;2,465385292;162,6039125
210928;13;2,95;2,334161125;147,1513792
210929;13;2,95;1,934733542;146,2690542
210930;9;6,19;3,288018208;161,3919833
211001;12;7,16;3,140598333;171,7934417
211002;14;8,38;3,690872917;184,1944863
211003;19;3,32;2,625088625;156,9014967
211004;14;3,47;2,929565833;157,8135483
211005;13;3,58;2,179904233;151,1168792
211006;18;5,43;2,75064925;157,6305792
211007;10;2,63;1,783820958;138,9459083
211008;7;2,64;2,219623667;148,51465
211009;14;2,91;2,326485642;168,1277083
211010;21;2,94;2,700959833;202,1460067
211011;20;2,72;1,775168167;158,9214583
211012;10;2,79;2,021497496;211,5345125
211013;8;2,88;2,565979833;200,425975
211014;12;6,74;4,014215875;197,0105042
211015;15;3,91;3,026901208;159,7087042
211016;19;4,19;2,748243;173,395225
211017;17;3,21;2,436624292;218,3787375
211018;15;2,89;2,017314125;198,3739125
211019;11;2,62;1,944735458;205,1085167
211020;9;2,78;1,054963888;236,4566988
211021;13;3,24;1,220337917;226,4744958
211022;17;3,67;3,102581;164,845175
211023;17;5,33;2,67180825;195,3452583
211024;24;4,26;2,5296405;179,3079333
211025;20;3,15;2,18424825;183,1230875
211026;12;3,34;2,341383083;239,510025
211027;11;3,6;1,726358542;224,3456708
211028;18;10,37;1,527733033;207,8425708
211029;16;2,94;1,828813083;219,3738875
211030;20;4,47;1,742362833;243,2702
211031;15;3,46;1,783437167;257,0603208
211101;14;3,48;2,285046167;227,1785417
211102;14;5,47;2,166405417;230,7620417
211103;11;3,43;2,271784833;233,8171604
211104;22;3,45;4,35707875;217,794
211105;24;3,46;2,418312458;203,2450917
211106;16;3,22;2,587794292;167,6548458
211107;17;4,03;2,445004625;196,503725
211108;20;6,86;2,344631292;175,6284917
211109;;2,86;2,299223208;248,8066667
211110;9;3,04;3,114067083;212,9406292
211111;12;2,81;2,205700833;177,9840042
211112;10;3,87;2,237559333;178,20335
211113;16;7,77;3,780685917;214,5547083
211114;16;3,8;2,894185625;216,8463167
211115;17;4,47;3,507010417;183,9268262
211116;16;3,22;2,50003925;195,0468625
211117;16;2,68;2,279696125;201,386975
211118;19;9,1;2,276584458;229,3033667
211119;10;4,2;2,137029042;247,3510125
211120;12;3,79;2,815560833;236,4466667
211121;15;3,75;2,032869792;234,0491792
211122;11;2,67;1,787139583;224,9393292
211123;5;2,62;1,951354458;228,2192958
211124;7;2,64;1,72459975;225,1885542
211125;15;3,66;2,364374875;172,9100375
211126;11;2,89;2,374325417;244,4910167
211127;13;3,02;3,72115625;222,36025
211128;19;4,72;2,719420667;202,1887708
211129;17;2,78;2,234012292;216,0350042
211130;13;4,51;2,957307125;191,3080792
211201;12;3,19;2,816893917;179,9545583
211202;17;2,86;2,441103917;197,8099692
211203;16;2,88;2,699714917;234,2457125
211204;23;2,88;2,374984167;224,2881125
211205;15;2,53;1,938199833;220,992175
211206;10;2,53;2,393053833;256,0996292
211207;11;2,62;2,307782958;252,8978458
211208;14;2,69;2,620771875;177,4817875
211209;14;2,59;1,680131063;224,4049542
211210;9;2,49;1,506816708;168,7224458
211211;8;2,56;2,097994708;214,2590958
211212;10;2,82;3,915292167;211,384375
211213;12;2,76;2,770368667;161,3166458
211214;13;4,81;2,940318125;170,8762917
211215;16;2,84;2,710743042;210,0040667
211216;13;2,7;2,721398917;213,7348417
211217;13;2,94;2,860410875;191,0583217
211218;14;3,3;2,957904667;200,7328333
211219;17;2,86;2,558139208;203,9693292
211220;14;2,62;2,39689225;273,121125
211221;;2,55;2,605731458;266,772375
211222;;2,64;2,2989985;235,5505125
211223;;2,57;2,356493375;207,0083375
211224;14;2,74;2,693743208;213,98865
211225;17;2,64;1,306651125;242,5513042
211226;19;2,61;1,476194475;257,53475
211227;17;2,52;1,925173208;235,4481375
211228;16;2,47;1,937441708;263,2738375
211229;8;2,72;1,438987333;182,1963792
211230;13;3,49;2,904791667;178,0693658
211231;19;4,9;2,895176125;211,5450579
220101;21;4,99;2,67207425;185,5121208
220102;22;8,87;2,494539542;190,5913792
220103;13;2,71;2,444497458;200,4602333
220104;17;4,28;2,774149042;201,150275
220105;20;2,63;2,778157583;224,0468542
220106;15;3,44;2,732542375;222,7116333
220107;15;4,59;2,372073667;218,3071621
220108;13;4,23;1,868683125;214,2257
220109;11;3,42;1,762322625;223,5735417
220110;13;3,73;2,414486333;167,59855
220111;12;4,07;2,730997125;208,0882792
220112;;2,75;2,476391833;217,2285625
220113;13;1,89;2,985091417;203,2997667
220114;17;3,02;2,460908988;202,4204758
220115;18;2,29;2,529470667;222,671975
220116;8;1,94;2,654200542;225,80875
220117;20;4,5;4,383453125;211,1605417
220118;25;2,19;2,582134458;172,0112667
220119;20;2,14;2,545062042;197,0253925
220120;21;3;2,484823167;203,3986825
220121;16;2,44;2,064459958;173,8055013
220122;15;8,01;2,560405625;178,3223717
220123;19;2,06;2,407044667;206,8066071
220124;21;1,64;2,319647;217,5251333
220125;18;1,56;2,411226792;213,5645958
220126;;1,88;2,531881208;236,8170833
220127;;1,45;1,951976917;213,311225
220128;14;1,49;2,730604958;224,7658417
220129;18;2,99;2,578503542;181,6198167
220130;17;2,84;2,356058958;183,119825
220131;20;1,22;2,113447583;216,4914875
220201;17;1,18;2,243952625;203,1864983
220202;22;1,63;2,563469792;174,3706583
220203;15;1,57;2,452597958;180,8474917
220204;17;1,9;2,480166458;167,319675
220205;20;2,02;2,121524958;172,57494
220206;16;1,01;1,60242425;203,7933042
220207;11;1,31;2,144576333;221,6187292
220208;14;4,15;2,278801917;242,98045
220209;17;2,07;1,779264833;199,8106771
220210;12;0,92;1,609011625;262,4957083
220211;22;1,18;2,431264375;230,6312375
220212;32;0,98;2,079976542;176,6884
220213;23;0,9;2,18244825;181,3318292
220214;23;1,17;2,726633125;177,2829625
220215;18;1,25;2,832581;217,36675
220216;26;1,77;2,463863542;165,4870917
220217;29;2,05;1,992865542;190,9987083
220218;28;2,58;2,445784375;180,9735792
220219;34;1,86;2,354186875;204,6716167
220220;27;1,26;2,463211058;214,5522958
220221;26;1,63;2,122132042;174,456225
220222;19;1,68;2,393878708;164,9366417
220223;;1,06;2,283116;153,2074958
220224;34;3,46;2,460983125;187,545225
220225;25;1,06;2,43283775;165,9908292
220226;;3,13;2,953272875;187,4019458
220227;;5,52;3,533475333;214,376
220228;;4,3;2,406549625;225,5141083
220301;;1,02;2,108678833;158,5606333
220302;;2,49;1,523834833;182,6626333
220303;18;2,37;2,335576667;218,8116833
220304;;1,22;1,838407458;234,6146875
220305;14;1,4;2,095137375;212,4437667
220306;11;3,93;2,465162125;213,5927333
220307;12;4,23;2,341309583;172,4070292
220308;8;2,02;2,449951083;169,0695604
220309;12;5,14;2,255270958;171,4322954
220310;15;1,98;2,12522875;178,4340708
220311;14;1,15;2,014260125;205,5700917
220312;11;1,02;1,642301625;182,2348213
220313;13;1,03;1,678163688;203,252075
220314;17;3,73;1,521769167;262,1500833
220315;13;2;1,754714958;262,6790167
220316;7;0,86;1,774699625;252,3083333
220317;11;1,22;2,473285875;193,1335875
220318;15;1,82;2,246873208;170,7925
220319;26;3,61;2,024979042;164,902175
220320;17;1,36;2,445903458;181,4238625
220321;10;3,25;2,199939958;187,0584313
220322;11;1,02;2,482851083;177,2387292
220323;10;4,58;2,973798625;194,94765
220324;16;2,55;2,0586425;146,0392004
220325;19;2,74;1,848268125;172,2653542
220326;11;0,97;1,583769942;202,2537917
220327;13;1,71;1,901722167;142,4729208
220328;10;0,95;1,84562275;162,2083042
220329;19;4,84;2,376317625;145,9605375
220330;22;10,47;1,939286417;152,4879579
220331;20;3,37;2,17607175;156,1523417
220401;15;1,18;1,549862088;156,6480708
220402;17;2,19;1,472558125;167,732775
220403;17;2,89;1,860929271;188,1483725
220404;13;2,27;2,206592792;140,3695
220405;14;1,83;1,588578292;156,2483125
220406;12;1,48;1,291087708;157,9463958
220407;10;5,85;1,641118708;155,658025
220408;9;4,24;1,486246021;154,2771625
220409;9;4,92;1,58602745;143,6236292
220410;10;3,88;2,067528208;167,9390208
220411;10;2,12;2,140137292;151,118925
220412;15;2,64;1,940040208;172,6300083
220413;14;3,46;1,827469125;173,2725458
220414;12;0,92;1,795778958;169,3913458
220415;12;1,8;0,465104458;141,86365
220416;17;1,73;1,768157625;166,6607875
220417;18;3,42;0,693538042;202,1268916
220418;23;6,62;0,5145465;153,1274083
220419;18;2,25;1,880283375;146,7826833
220420;17;7,5;1,914991917;167,9562708
220421;15;1,15;1,859066417;172,5344208
220422;14;4,58;1,871003333;132,6831042
220423;12;2,46;2,159817958;158,7044258
220424;5;0,91;1,585849042;138,6751458
220425;6;2,77;1,397750875;182,4206
220426;7;0,83;2,758942167;190,2454542
220427;11;1,52;1,997274208;179,6969833
220428;12;1,46;2,147659542;145,7519833
220429;16;1,51;1,937135292;137,6432425
220430;14;2,84;1,890505667;140,6016046
220501;17;2,98;1,734169333;143,3970833
220502;17;2,08;1,954299083;147,3705333
220503;18;2,74;1,688216792;132,6656792
220504;16;2,21;1,799131375;134,7664833
220505;14;2,37;1,415652958;218,7907792
220506;27;8,16;1,484848042;142,398725
220507;25;2,53;1,249147333;157,7772167
220508;14;2,17;1,49011225;144,4176917
220509;16;4,01;1,941459167;175,6036792
220510;15;2,76;1,568004792;134,5806817
220511;17;3,8;0,94325875;174,3249833
220512;26;12,41;1,03919235;166,6416208
220513;21;2,46;1,904066083;132,6495125
220514;22;6,66;1,461282208;124,3742583
220515;18;2,47;1,0021115;133,8463458
220516;19;2,81;1,7625125;141,1739833
220517;23;4,86;1,102276083;169,4325125
220518;26;6,1;1,595809829;134,8436083
220519;9;0,85;1,999242417;127,1569792
220520;11;3,79;1,916867917;143,9224292
220521;21;7,87;1,765625958;158,6926333
220522;18;2,76;1,852428583;145,1315833
220523;18;3,15;1,259328542;150,3683458
220524;;2,83;1,538556667;162,4335667
220525;14;6;1,765112375;128,101584
220526;16;2,17;1,780941708;129,7061583
220527;23;3,09;1,812852708;124,7764625
220528;28;1,88;1,705219875;142,5784333
220529;31;6,18;1,91969775;121,6562708
220530;24;2,45;2,248901333;119,1914667
220531;24;2,5;2,357294833;124,8989042
220601;19;1,47;2,05203575;118,9977208
220602;12;0,75;1,844239917;101,0142875
220603;10;0,95;1,730194625;94,16904167
220604;12;0,69;1,471897667;86,99300417
220605;9;1,24;1,899986833;136,5621625
220606;10;4,56;1,980214375;139,7219217
220607;15;1,86;1,440287292;130,3901708
220608;11;1,58;1,649145542;142,8367792
220609;18;1,43;1,616677458;140,6802167
220610;24;1,18;1,555615083;119,1216792
220611;20;0,86;1,332448083;85,19226958
220612;27;3,31;1,550868042;138,0898042
220613;28;1,55;1,343689833;122,5865958
220614;14;0,81;1,809686542;115,3309708
220615;14;1,19;1,974574583;138,3993208
220616;11;1,29;1,905671583;142,4244958
220617;24;1,51;1,830143292;138,1065292
220618;28;1,62;1,857409917;135,8271208
220619;23;1,06;1,318582958;132,9643417
220620;18;0,87;1,397131583;115,2234625
220621;13;0,73;1,780663167;90,79549167
220622;8;0,74;1,847230292;115,2886375
220623;8;0,69;3,7070375;88,72143333
220624;8;1,36;1,364852458;153,8311417
220625;16;1,14;1,336335375;129,1519
220626;15;1,47;1,708596;169,3809458
220627;8;1,62;1,875384663;110,0639042
220628;7;1,84;2,027874958;147,7260167
220629;10;1,9;1,959134458;130,7057208
220630;10;1,9;1,351505875;172,7451213
